{"stats":{"minecraft:mined":{"minecraft:melon":3,"minecraft:vine":1,"minecraft:white_bed":1,"minecraft:jungle_log":6,"minecraft:bamboo_block":5,"minecraft:crafting_table":1},"minecraft:crafted":{"minecraft:white_bed":1,"minecraft:crafting_table":1,"minecraft:jungle_planks":24},"minecraft:picked_up":{"minecraft:crafting_table":1,"minecraft:bamboo_block":5,"minecraft:arrow":2,"minecraft:rotten_flesh":1,"minecraft:jungle_log":6,"minecraft:white_bed":1,"minecraft:melon_slice":13},"minecraft:custom":{"minecraft:time_since_rest":4996,"minecraft:damage_taken":210,"minecraft:play_time":11507,"lootr:looted_stat":4,"minecraft:walk_under_water_one_cm":234,"minecraft:walk_one_cm":68402,"minecraft:sneak_time":45,"minecraft:mob_kills":2,"minecraft:jump":121,"minecraft:damage_dealt":301,"minecraft:leave_game":2,"minecraft:time_since_death":11507,"minecraft:walk_on_water_one_cm":2497,"minecraft:total_world_time":11507,"minecraft:sleep_in_bed":1,"minecraft:climb_one_cm":697,"minecraft:interact_with_crafting_table":1,"minecraft:fall_one_cm":1740,"minecraft:fly_one_cm":279},"minecraft:killed":{"minecraft:skeleton":1,"minecraft:zombie":1},"minecraft:used":{"minecraft:crafting_table":1,"minecraft:bread":4,"minecraft:white_bed":1,"mekanismtools:wood_paxel":21}},"DataVersion":3465}