{"stats":{"minecraft:killed":{"minecraft:skeleton":1,"minecraft:zombie":1,"minecraft:vindicator":1},"minecraft:custom":{"minecraft:time_since_rest":2208,"minecraft:interact_with_furnace":2,"lootr:looted_stat":15,"minecraft:damage_taken":415,"minecraft:walk_one_cm":355536,"minecraft:mob_kills":3,"minecraft:drop":15,"minecraft:damage_dealt":541,"minecraft:swim_one_cm":5951,"minecraft:interact_with_crafting_table":10,"minecraft:fly_one_cm":543,"minecraft:talked_to_villager":2,"minecraft:open_chest":4,"minecraft:play_time":70169,"minecraft:sneak_time":54,"minecraft:walk_under_water_one_cm":5805,"minecraft:damage_dealt_resisted":66,"minecraft:jump":432,"minecraft:interact_with_blast_furnace":1,"minecraft:leave_game":4,"minecraft:time_since_death":70169,"minecraft:walk_on_water_one_cm":19261,"minecraft:total_world_time":70169,"minecraft:sleep_in_bed":6,"minecraft:climb_one_cm":1680,"minecraft:fall_one_cm":3703},"minecraft:mined":{"minecraft:raw_iron_block":2,"minecraft:white_bed":3,"minecraft:crafting_table":3,"minecraft:water_cauldron":1,"minecraft:oak_log":14,"minecraft:cave_vines":2,"minecraft:melon":3,"minecraft:vine":1,"minecraft:chest":1,"minecraft:jungle_log":6,"minecraft:iron_bars":2,"minecraft:stripped_acacia_log":1,"minecraft:coal_block":2,"minecraft:acacia_slab":2,"minecraft:azalea_leaves":1,"minecraft:bamboo_block":5,"minecraft:oak_leaves":4},"minecraft:picked_up":{"minecraft:crafting_table":3,"minecraft:stick":1,"minecraft:jungle_boat":4,"minecraft:acacia_fence":1,"minecraft:jungle_log":6,"minecraft:raw_iron_block":2,"minecraft:oak_log":14,"minecraft:lily_pad":1,"minecraft:white_bed":3,"minecraft:acacia_stairs":3,"minecraft:cauldron":1,"minecraft:acacia_planks":2,"minecraft:stripped_acacia_log":4,"minecraft:bamboo_block":5,"minecraft:arrow":2,"minecraft:rotten_flesh":3,"minecraft:iron_helmet":1,"minecraft:acacia_slab":3,"minecraft:chest":2,"minecraft:coal_block":2,"minecraft:melon_slice":13,"minecraft:glow_berries":1,"minecraft:iron_bars":2,"minecraft:rail":24},"minecraft:crafted":{"minecraft:oak_planks":32,"sophisticatedbackpacks:backpack":1,"minecraft:crafting_table":1,"minecraft:stick":4,"minecraft:jungle_boat":1,"minecraft:iron_pickaxe":1,"minecraft:chest":2,"minecraft:white_bed":1,"minecraft:jungle_planks":24},"minecraft:dropped":{"minecraft:chest":1,"minecraft:rail":14},"minecraft:used":{"minecraft:acacia_stairs":2,"minecraft:stripped_acacia_log":3,"minecraft:bread":8,"minecraft:acacia_slab":3,"minecraft:oak_planks":4,"minecraft:iron_pickaxe":5,"minecraft:chest":2,"minecraft:jungle_boat":4,"minecraft:torch":3,"minecraft:rail":5,"minecraft:crafting_table":3,"minecraft:acacia_planks":2,"minecraft:white_bed":3,"mekanismtools:wood_paxel":52}},"DataVersion":3465}