{"stats":{"minecraft:mined":{"minecraft:raw_iron_block":2,"minecraft:white_bed":3,"minecraft:crafting_table":3,"minecraft:cave_vines":2,"minecraft:oak_log":14,"minecraft:vine":1,"minecraft:melon":3,"minecraft:chest":1,"minecraft:jungle_log":6,"minecraft:coal_block":2,"minecraft:azalea_leaves":1,"minecraft:bamboo_block":5,"minecraft:oak_leaves":4},"minecraft:crafted":{"sophisticatedbackpacks:backpack":1,"minecraft:crafting_table":1,"minecraft:stick":4,"minecraft:jungle_boat":1,"minecraft:iron_pickaxe":1,"minecraft:white_bed":1,"minecraft:jungle_planks":24},"minecraft:picked_up":{"minecraft:crafting_table":3,"minecraft:stick":1,"minecraft:jungle_boat":4,"minecraft:jungle_log":6,"minecraft:raw_iron_block":2,"minecraft:oak_log":14,"minecraft:lily_pad":1,"minecraft:white_bed":3,"minecraft:bamboo_block":5,"minecraft:arrow":2,"minecraft:rotten_flesh":1,"minecraft:glow_berries":1,"minecraft:chest":2,"minecraft:melon_slice":13,"minecraft:coal_block":2,"minecraft:rail":24},"minecraft:custom":{"minecraft:time_since_rest":7930,"lootr:looted_stat":8,"minecraft:damage_taken":275,"minecraft:walk_one_cm":257414,"minecraft:mob_kills":2,"minecraft:drop":15,"minecraft:damage_dealt":301,"minecraft:talked_to_villager":2,"minecraft:swim_one_cm":4898,"minecraft:interact_with_crafting_table":9,"minecraft:fly_one_cm":463,"minecraft:open_chest":2,"minecraft:play_time":48365,"minecraft:sneak_time":54,"minecraft:walk_under_water_one_cm":4082,"minecraft:jump":364,"minecraft:interact_with_blast_furnace":1,"minecraft:leave_game":3,"minecraft:walk_on_water_one_cm":17478,"minecraft:time_since_death":48365,"minecraft:sleep_in_bed":4,"minecraft:climb_one_cm":1680,"minecraft:total_world_time":48365,"minecraft:fall_one_cm":2489},"minecraft:killed":{"minecraft:skeleton":1,"minecraft:zombie":1},"minecraft:used":{"minecraft:bread":5,"minecraft:iron_pickaxe":3,"minecraft:jungle_boat":4,"minecraft:rail":5,"minecraft:crafting_table":3,"minecraft:white_bed":3,"mekanismtools:wood_paxel":46},"minecraft:dropped":{"minecraft:chest":1,"minecraft:rail":14}},"DataVersion":3465}