{"stats":{"minecraft:mined":{"minecraft:white_bed":2,"minecraft:crafting_table":2,"minecraft:oak_log":14,"minecraft:vine":1,"minecraft:melon":3,"minecraft:jungle_log":6,"minecraft:azalea_leaves":1,"minecraft:bamboo_block":5,"minecraft:oak_leaves":4},"minecraft:crafted":{"minecraft:crafting_table":1,"minecraft:jungle_boat":1,"minecraft:white_bed":1,"minecraft:jungle_planks":24},"minecraft:picked_up":{"minecraft:crafting_table":2,"minecraft:stick":1,"minecraft:jungle_boat":3,"minecraft:jungle_log":6,"minecraft:oak_log":14,"minecraft:lily_pad":1,"minecraft:white_bed":2,"minecraft:bamboo_block":5,"minecraft:arrow":2,"minecraft:rotten_flesh":1,"minecraft:melon_slice":13,"minecraft:rail":5},"minecraft:custom":{"minecraft:time_since_rest":8924,"lootr:looted_stat":6,"minecraft:damage_taken":275,"minecraft:walk_one_cm":160441,"minecraft:mob_kills":2,"minecraft:damage_dealt":301,"minecraft:talked_to_villager":1,"minecraft:swim_one_cm":4898,"minecraft:interact_with_crafting_table":3,"minecraft:fly_one_cm":359,"minecraft:play_time":23507,"minecraft:sneak_time":54,"minecraft:walk_under_water_one_cm":3225,"minecraft:jump":261,"minecraft:leave_game":2,"minecraft:walk_on_water_one_cm":15523,"minecraft:time_since_death":23507,"minecraft:sleep_in_bed":2,"minecraft:climb_one_cm":1246,"minecraft:total_world_time":23507,"minecraft:fall_one_cm":2009},"minecraft:killed":{"minecraft:skeleton":1,"minecraft:zombie":1},"minecraft:used":{"minecraft:bread":5,"minecraft:jungle_boat":3,"minecraft:crafting_table":2,"minecraft:white_bed":2,"mekanismtools:wood_paxel":42}},"DataVersion":3465}