{"stats":{"minecraft:picked_up":{"minecraft:spruce_fence":3,"minecraft:hay_block":1,"minecraft:jack_o_lantern":1},"minecraft:used":{"minecraft:stone_sword":3,"minecraft:bread":3},"minecraft:mined":{"minecraft:hay_block":1,"minecraft:spruce_fence":3,"frostiful:cold_sun_lichen":1,"frostiful:hot_sun_lichen":1,"minecraft:jack_o_lantern":1},"minecraft:custom":{"minecraft:time_since_rest":8733,"minecraft:sprint_one_cm":15480,"minecraft:play_time":8733,"minecraft:damage_taken":180,"minecraft:walk_one_cm":60967,"minecraft:sneak_time":7,"minecraft:walk_under_water_one_cm":2960,"minecraft:jump":129,"minecraft:leave_game":3,"minecraft:time_since_death":8733,"minecraft:walk_on_water_one_cm":8618,"minecraft:climb_one_cm":364,"minecraft:total_world_time":8733,"minecraft:hex":0,"minecraft:fall_one_cm":1664,"minecraft:fly_one_cm":2390}},"DataVersion":3465}