{"stats":{"minecraft:picked_up":{"minecraft:spruce_pressure_plate":1,"minecraft:spruce_fence":3,"minecraft:hay_block":1,"minecraft:jack_o_lantern":1},"minecraft:used":{"minecraft:stone_sword":3,"minecraft:bread":4},"minecraft:mined":{"minecraft:hay_block":1,"minecraft:spruce_fence":3,"frostiful:cold_sun_lichen":1,"frostiful:hot_sun_lichen":1,"minecraft:jack_o_lantern":1},"minecraft:custom":{"minecraft:time_since_rest":10652,"lootr:looted_stat":1,"minecraft:sprint_one_cm":15480,"minecraft:play_time":10652,"minecraft:damage_taken":210,"minecraft:walk_one_cm":77196,"minecraft:sneak_time":7,"minecraft:walk_under_water_one_cm":2960,"minecraft:jump":146,"minecraft:leave_game":4,"minecraft:walk_on_water_one_cm":8618,"minecraft:time_since_death":10652,"minecraft:climb_one_cm":364,"minecraft:total_world_time":10652,"minecraft:hex":0,"minecraft:fall_one_cm":1873,"minecraft:fly_one_cm":2390}},"DataVersion":3465}