{"stats":{"minecraft:picked_up":{"minecraft:jack_o_lantern":1,"minecraft:hay_block":1,"minecraft:spruce_fence":3},"minecraft:used":{"minecraft:bread":2,"minecraft:stone_sword":2},"minecraft:mined":{"minecraft:hay_block":1,"frostiful:cold_sun_lichen":1,"minecraft:spruce_fence":3,"frostiful:hot_sun_lichen":1,"minecraft:jack_o_lantern":1},"minecraft:custom":{"minecraft:jump":87,"minecraft:time_since_rest":5934,"minecraft:sneak_time":7,"minecraft:leave_game":2,"minecraft:play_time":5934,"minecraft:sprint_one_cm":15480,"minecraft:damage_taken":180,"minecraft:time_since_death":5934,"minecraft:walk_one_cm":47927,"minecraft:climb_one_cm":36,"minecraft:total_world_time":5934,"minecraft:hex":0,"minecraft:fall_one_cm":1664,"minecraft:fly_one_cm":2390}},"DataVersion":3465}