{
	"level_seeds": [
		{
			"dim": "minecraft:the_end",
			"seed": 5284213139752203351
		},
		{
			"dim": "minecraft:the_nether",
			"seed": 5284213139752203351
		},
		{
			"dim": "deeperdarker:otherside",
			"seed": 5284213139752203351
		},
		{
			"dim": "minecraft:overworld",
			"seed": 5284213139752203351
		}
	],
	"structure_seeds": [
		{
			"dim": "minecraft:the_end",
			"seed": 5284213139752203351
		},
		{
			"dim": "minecraft:the_nether",
			"seed": 5284213139752203351
		},
		{
			"dim": "deeperdarker:otherside",
			"seed": 5284213139752203351
		},
		{
			"dim": "minecraft:overworld",
			"seed": 5284213139752203351
		}
	]
}